Month,Sales,mR
Jan,10.7,
Feb,13.0,2.3000000000000007
Mar,11.4,1.5999999999999996
Apr,11.5,0.09999999999999964
May,12.5,1.0
Jun,14.1,1.5999999999999996
Jul,14.8,0.7000000000000011
Aug,14.1,0.7000000000000011
Sep,12.6,1.5
Oct,16.0,3.4000000000000004
Nov,11.7,4.300000000000001
Dec,10.6,1.0999999999999996
